het_rate,4.85$ \times 10^{-4}$
het_LL,-49.781909687549444
het_rateCI_min,0.00043912478551526193
het_rateCI_max,0.0005363482242048339
iso_rate,1
iso_LL,-89.10401956117113