het_rate,2.53$ \times 10^{-4}$
het_LL,-45.13961533328522
het_rateCI_min,0.00022893406158049033
het_rateCI_max,0.00027962069425122114
iso_rate,1
iso_LL,-61.6181539273761