median	mean	hpd
22.355326012853023	23.445549320919046	0.0004165658011177522,46.403038299139574
