median	mean	hpd
20.58104169245677	21.67024481663793	0.0014643339240753095,40.7066360883201
